p,suff_mean,model
0.1,0.5593810975551605,TinyBERT
0.2,0.0022146105766296387,TinyBERT
0.3,0.007031619548797607,TinyBERT
0.4,-0.00010788440704345703,TinyBERT
0.5,0.001504361629486084,TinyBERT
0.1,0.38359230756759644,DistilBERT
0.2,0.01182490587234497,DistilBERT
0.3,0.0010602474212646484,DistilBERT
0.4,0.0019837021827697754,DistilBERT
0.5,0.0006688237190246582,DistilBERT
0.1,0.003969728946685791,ALBERT
0.2,0.0004684329032897949,ALBERT
0.3,0.0003222227096557617,ALBERT
0.4,0.0001646876335144043,ALBERT
0.5,0.0001043081283569336,ALBERT
