p,corr_spearman_mean,model
0.1,1.0,TinyBERT
0.2,1.0,TinyBERT
0.3,1.0,TinyBERT
0.4,0.7166666666666667,TinyBERT
0.5,0.6333333333333333,TinyBERT
0.1,1.0,DistilBERT
0.2,1.0,DistilBERT
0.3,1.0,DistilBERT
0.4,0.6333333333333333,DistilBERT
0.5,0.8333333333333333,DistilBERT
0.1,0.9999999999999999,ALBERT
0.2,0.9999999999999999,ALBERT
0.3,0.9999999999999999,ALBERT
0.4,0.5515151515151515,ALBERT
0.5,0.6969696969696969,ALBERT
